[
	{
		"op": "replace",
		"path": "/server/behaviors/3/hoursToDecay",
		"value": 3,
		"file": "wrustbound:entities/land/rustbound/rustborn.json",
		"side": "server",
		"dependsOn": [ { "modid": "zrustdrops", "invert": true } ]
	},
	{
		"op":"addmerge",
		"path": "/client/behaviors",
		"value": [ { "code": "harvestable", "duration": 2 } ],
		"file": "wrustbound:entities/land/rustbound/rustborn.json",
		"side": "Server",
		"dependsOn": [ { "modid": "zrustdrops", "invert": true } ]
	},
	{
		"op": "addmerge",
		"path": "/server/behaviors",
		"value": [
			{ "code": "harvestable", "duration": 2, "fixedweight": true, "dropsByType": {
				"*-tier1": [
					{
						"type": "item",
						"code": "game:gear-temporal",
						"quantity": { "avg": 0.02666, "var": 0 }
					},
					{
						"type": "item",
						"code": "game:flaxfibers",
						"quantity": { "avg": 0.2, "var": 0 }
					},
					{
						"type": "item",
						"code": "game:gear-rusty",
						"dropModbyStat": "rustyGearDropRate",
						"quantity": { "avg": 0.01, "var": 0 }
					}
				],
				"*-tier2": [
					{
						"type": "item",
						"code": "game:gear-temporal",
						"quantity": { "avg": 0.033325, "var": 0 }
					},
					{
						"type": "item",
						"code": "game:gear-rusty",
						"dropModbyStat": "rustyGearDropRate",
						"quantity": { "avg": 0.03, "var": 0 }
					},
					{
						"type": "item",
						"code": "game:flaxfibers",
						"quantity": { "avg": 0.4, "var": 0 }
					}
				],
				"*-tier3": [
					{
						"type": "item",
						"code": "game:gear-temporal",
						"quantity": { "avg": 0.03666, "var": 0 }
					},
					{
						"type": "item",
						"code": "game:gear-rusty",
						"dropModbyStat": "rustyGearDropRate",
						"quantity": { "avg": 0.05, "var": 0 }
					},
					{
						"type": "item",
						"code": "game:flaxfibers",
						"quantity": { "avg": 0.5, "var": 0 }
					}
				],
				"*-tier4": [
					{
						"type": "item",
						"code": "game:gear-temporal",
						"quantity": { "avg": 0.03999, "var": 0 }
					},
					{
						"type": "item",
						"code": "game:gear-rusty",
						"dropModbyStat": "rustyGearDropRate",
						"quantity": { "avg": 0.07, "var": 0 }
					},
					{
						"type": "item",
						"code": "game:flaxfibers",
						"quantity": { "avg": 0.6, "var": 0 }
					}
				],
				"*-tier5": [
					{
						"type": "item",
						"code": "game:gear-temporal",
						"quantity": { "avg": 0.04333, "var": 0 }
					},
					{
						"type": "item",
						"code": "game:gear-rusty",
						"dropModbyStat": "rustyGearDropRate",
						"quantity": { "avg": 0.085, "var": 0 }
					},
					{
						"type": "item",
						"code": "game:flaxfibers",
						"quantity": { "avg": 0.7, "var": 0 }
					}
				],
				"*-tier6": [
					{
						"type": "item",
						"code": "game:gear-temporal",
						"quantity": { "avg": 0.046655, "var": 0 }
					},
					{
						"type": "item",
						"code": "game:gear-rusty",
						"dropModbyStat": "rustyGearDropRate",
						"quantity": { "avg": 0.1, "var": 0 }
					},
					{
						"type": "item",
						"code": "game:flaxfibers",
						"quantity": { "avg": 0.8, "var": 0 }
					}
				],
				"*-tier7": [
					{
						"type": "item",
						"code": "game:gear-temporal",
						"quantity": { "avg": 0.04999, "var": 0 }
					},
					{
						"type": "item",
						"code": "game:gear-rusty",
						"dropModbyStat": "rustyGearDropRate",
						"quantity": { "avg": 0.15, "var": 0 }
					},
					{
						"type": "item",
						"code": "game:flaxfibers",
						"quantity": { "avg": 0.9, "var": 0 }
					}
				],
				"*-tier8": [
					{
						"type": "item",
						"code": "game:gear-temporal",
						"quantity": { "avg": 0.05332, "var": 0 }
					},
					{
						"type": "item",
						"code": "game:gear-rusty",
						"dropModbyStat": "rustyGearDropRate",
						"quantity": { "avg": 0.2, "var": 0 }
					},
					{
						"type": "item",
						"code": "game:flaxfibers",
						"quantity": { "avg": 1, "var": 0 }
					}
				],
				"*-tier9": [
					{
						"type": "item",
						"code": "game:gear-temporal",
						"quantity": { "avg": 1, "var": 0.4 }
					},
					{
						"type": "item",
						"code": "game:gear-rusty",
						"dropModbyStat": "rustyGearDropRate",
						"quantity": { "avg": 5, "var": 2.5 }
					},
					{
						"type": "item",
						"code": "game:flaxfibers",
						"quantity": { "avg": 2, "var": 0 }
					},
					{
						"type": "item",
						"code": "game:stackrandomizer-alljonas",
						"quantity": { "avg": 0.4, "var": 0 }
					}
				]
			}}
		],
		"file": "wrustbound:entities/land/rustbound/rustborn.json",
		"side": "Server",
		"dependsOn": [ { "modid": "zrustdrops", "invert": true } ]
	},
	{
		"op": "add",
		"path": "/dropsByType",
		"value": {
			"*-tier1": [
				{
					"type": "item",
					"code": "game:gear-temporal",
					"quantity": { "avg": 0.02666, "var": 0 }
				},
				{
					"type": "item",
					"code": "game:flaxfibers",
					"quantity": { "avg": 0.2, "var": 0 }
				},
				{
					"type": "item",
					"code": "game:gear-rusty",
					"dropModbyStat": "rustyGearDropRate",
					"quantity": { "avg": 0.01, "var": 0 }
				}
			],
			"*-tier2": [
				{
					"type": "item",
					"code": "game:gear-temporal",
					"quantity": { "avg": 0.033325, "var": 0 }
				},
				{
					"type": "item",
					"code": "game:gear-rusty",
					"dropModbyStat": "rustyGearDropRate",
					"quantity": { "avg": 0.03, "var": 0 }
				},
				{
					"type": "item",
					"code": "game:flaxfibers",
					"quantity": { "avg": 0.4, "var": 0 }
				}
			],
			"*-tier3": [
				{
					"type": "item",
					"code": "game:gear-temporal",
					"quantity": { "avg": 0.03666, "var": 0 }
				},
				{
					"type": "item",
					"code": "game:gear-rusty",
					"dropModbyStat": "rustyGearDropRate",
					"quantity": { "avg": 0.05, "var": 0 }
				},
				{
					"type": "item",
					"code": "game:flaxfibers",
					"quantity": { "avg": 0.5, "var": 0 }
				}
			],
			"*-tier4": [
				{
					"type": "item",
					"code": "game:gear-temporal",
					"quantity": { "avg": 0.03999, "var": 0 }
				},
				{
					"type": "item",
					"code": "game:gear-rusty",
					"dropModbyStat": "rustyGearDropRate",
					"quantity": { "avg": 0.07, "var": 0 }
				},
				{
					"type": "item",
					"code": "game:flaxfibers",
					"quantity": { "avg": 0.6, "var": 0 }
				}
			],
			"*-tier5": [
				{
					"type": "item",
					"code": "game:gear-temporal",
					"quantity": { "avg": 0.04333, "var": 0 }
				},
				{
					"type": "item",
					"code": "game:gear-rusty",
					"dropModbyStat": "rustyGearDropRate",
					"quantity": { "avg": 0.085, "var": 0 }
				},
				{
					"type": "item",
					"code": "game:flaxfibers",
					"quantity": { "avg": 0.7, "var": 0 }
				}
			],
			"*-tier6": [
				{
					"type": "item",
					"code": "game:gear-temporal",
					"quantity": { "avg": 0.046655, "var": 0 }
				},
				{
					"type": "item",
					"code": "game:gear-rusty",
					"dropModbyStat": "rustyGearDropRate",
					"quantity": { "avg": 0.1, "var": 0 }
				},
				{
					"type": "item",
					"code": "game:flaxfibers",
					"quantity": { "avg": 0.8, "var": 0 }
				}
			],
			"*-tier7": [
				{
					"type": "item",
					"code": "game:gear-temporal",
					"quantity": { "avg": 0.04999, "var": 0 }
				},
				{
					"type": "item",
					"code": "game:gear-rusty",
					"dropModbyStat": "rustyGearDropRate",
					"quantity": { "avg": 0.15, "var": 0 }
				},
				{
					"type": "item",
					"code": "game:flaxfibers",
					"quantity": { "avg": 0.9, "var": 0 }
				}
			],
			"*-tier8": [
				{
					"type": "item",
					"code": "game:gear-temporal",
					"quantity": { "avg": 0.05332, "var": 0 }
				},
				{
					"type": "item",
					"code": "game:gear-rusty",
					"dropModbyStat": "rustyGearDropRate",
					"quantity": { "avg": 0.2, "var": 0 }
				},
				{
					"type": "item",
					"code": "game:flaxfibers",
					"quantity": { "avg": 1, "var": 0 }
				}
			],
			"*-tier9": [
				{
					"type": "item",
					"code": "game:gear-temporal",
					"quantity": { "avg": 1, "var": 0.4 }
				},
				{
					"type": "item",
					"code": "game:gear-rusty",
					"dropModbyStat": "rustyGearDropRate",
					"quantity": { "avg": 5, "var": 2.5 }
				},
				{
					"type": "item",
					"code": "game:flaxfibers",
					"quantity": { "avg": 2, "var": 0 }
				},
				{
					"type": "item",
					"code": "game:stackrandomizer-alljonas",
					"quantity": { "avg": 0.4, "var": 0 }
				}
			]
		},
		"file": "wrustbound:entities/land/rustbound/rustborn.json",
		"side": "Server",
		"dependsOn": [ { "modid": "zrustdrops" } ]
	}
]